,variant
57,D5A
58,D5C
60,D5F
62,D5H
63,D5I
65,D5L
66,D5M
67,D5N
68,D5P
69,D5Q
71,D5S
72,D5T
73,D5V
74,D5W
75,D5Y
93,D61W
126,E25Q
134,E27C
141,E27L
142,E27M
145,E27Q
152,E4A
153,E4C
155,E4F
157,E4H
158,E4I
160,E4L
161,E4M
162,E4N
163,E4P
164,E4Q
166,E4S
167,E4T
168,E4V
169,E4W
170,E4Y
191,E8C
193,E8F
195,E8H
197,E8K
202,E8Q
288,G38E
382,I36D
456,I7A
498,K3F
701,M1W
712,M21L
880,Q10H
886,Q10P
901,R23K
904,R23N
1046,S71C
1053,S71K
1065,T12C
1074,T12M
1108,T20H
1181,T58E
1223,V24I
1236,V31C
1299,V55I
