,variant,y_pred,y_actual,y_actual_scaled,y_actual_binary,dist_metric,std_predictions
0,D5F,1.0371883333400007,1.0485,0.9884225759768451,1.0,0.17908297217166377,0.0
1,D5N,1.0328058333499994,1.0465,0.9864930053063193,1.0,0.2068910475285342,0.0
2,D5I,1.0317300000000014,1.049,0.9889049686444765,1.0,0.24783546074294702,0.0
3,D5Y,1.0254350000000008,1.0605,1.0,1.0,0.17705432132370577,0.0
4,E4F,1.0233283333600007,1.0455,0.9855282199710566,1.0,0.2812652318388664,0.0
5,D5M,1.0203533333399992,1.038,0.9782923299565847,1.0,0.19871776705257485,0.0
6,D5Q,1.0189300000099997,1.0295,0.9700916546068501,1.0,0.20960287564700383,0.0
7,D5T,1.0163866666800006,1.024,0.964785335262904,1.0,0.2132580779248836,0.0
8,D5S,1.0147966669100006,1.023666667,0.9644637404727449,1.0,0.21310014873016594,0.0
9,D5L,1.0133291666599995,1.0235,0.9643029425952726,1.0,0.24485282663707114,0.0
10,D5H,1.012935000010001,1.0125,0.9536903039073805,1.0,0.21835508019516547,0.0
11,D5V,1.0041100000100012,1.0095,0.9507959479015919,1.0,0.24321519828253363,0.0
12,D5C,0.9979416666700012,1.0095,0.9507959479015919,1.0,0.301547667490827,0.0
13,E4N,0.9934683333299995,1.0115,0.9527255185721177,1.0,0.17475654224846923,0.0
14,D5A,0.9890133333500006,0.99075,0.9327062228654125,0.0,0.1830540917057543,0.0
15,E4Y,0.9870133333399999,1.017,0.9580318379160636,1.0,0.2882019140215207,0.0
16,E4M,0.9869800000099994,1.008,0.9493487698986975,1.0,0.24908019911535267,0.0
17,E4H,0.9849825000100004,0.989,0.9310178485287024,0.0,0.24459773151439615,0.0
18,E4V,0.98289500002,0.99775,0.9394597202122528,0.0,0.2182527242154992,0.0
19,E4Q,0.9825791666699999,0.994,0.9358417752050169,0.0,0.17437677961546996,0.0
20,E4T,0.9762791666699999,0.997,0.9387361312108056,0.0,0.1570612531409683,0.0
21,E4I,0.9754966668700008,1.015666667,0.9567454577906417,1.0,0.25428192123274823,0.0
22,M21L,0.9751041664199996,1.002333333,0.9438816526772792,1.0,0.11809319368359829,0.0
23,E25Q,0.9747549999999998,0.994,0.9358417752050169,0.0,0.23129220190374633,0.0
24,S71C,0.9731408333299999,1.0,0.9416304872165943,1.0,0.23961008036999817,0.0
25,E4S,0.9726708333499997,,,,,0.0
26,E4C,0.9712516666700001,0.994,0.9358417752050169,0.0,0.32083478138487453,0.0
27,E4P,0.9645116667000002,,,,,0.0
28,E4L,0.9644716666899992,0.9845,0.9266763145200193,0.0,0.2532402958445355,0.0
29,D5P,0.9626891666999998,,,,,0.0
30,T12M,0.9600516666700003,1.012,0.9532079112397491,1.0,0.15338127390646977,0.0
31,D5K,0.9587241666899999,,,,,0.0
32,E4K,0.9576458333599995,,,,,0.0
33,E4A,0.9556733333299999,,,,,0.0
34,V31C,0.9551699999899997,1.02,0.9609261939218524,1.0,0.25496634593889766,0.0
35,D5R,0.9517866666899999,,,,,0.0
36,Q10H,0.9507924999900003,,,,,0.0
37,T54V,0.9499791666599999,,,,,0.0
38,E8H,0.9476583333399999,,,,,0.0
39,T12V,0.9465791666600002,,,,,0.0
40,T20N,0.9378816666600001,,,,,0.0
41,D5W,0.93777166667,,,,,0.0
42,V55I,0.9369108333600003,,,,,0.0
43,E8N,0.9361541666700001,,,,,0.0
44,R23K,0.9357100000000002,0.989,0.9310178485287024,0.0,0.1716687289764162,0.0
45,L62T,0.9344908333399999,,,,,0.0
46,V24I,0.9336683335699996,0.990666667,0.9326258244090689,0.0,0.12347127395977753,0.0
47,E8F,0.9326408333499997,,,,,0.0
48,T33I,0.9320341666799998,,,,,0.0
49,S63N,0.93185750001,,,,,0.0
50,Q10C,0.9316000000000001,,,,,0.0
51,T20K,0.9312833333500002,,,,,0.0
52,N6H,0.9304099999900001,,,,,0.0
53,E8D,0.9272808333400003,,,,,0.0
54,L14F,0.9272699999899998,,,,,0.0
55,E8Y,0.9269041667000001,,,,,0.0
56,T20H,0.9265775000099999,,,,,0.0
57,D5E,0.9249583333100001,,,,,0.0
58,E4R,0.9247858333600001,,,,,0.0
59,T16S,0.9245483333299999,,,,,0.0
60,H30K,0.92386166669,,,,,0.0
61,A34C,0.9216299999900001,,,,,0.0
62,E8K,0.9204916666699999,,,,,0.0
63,L17F,0.9204016666799998,,,,,0.0
64,L62M,0.9199558333200002,,,,,0.0
65,H30Q,0.9197149999800002,,,,,0.0
66,V32C,0.91967999999,,,,,0.0
67,T16A,0.9190374999799998,,,,,0.0
68,E8Q,0.9184908333199988,0.913,0.8576941630487217,0.0,0.1656138038771324,0.0
69,L62H,0.91671749999,,,,,0.0
70,E8A,0.9158125000000001,,,,,0.0
71,L62S,0.91579083333,,,,,0.0
72,M40K,0.91469083334,,,,,0.0
73,V68L,0.9139449999899999,,,,,0.0
74,D61C,0.91383833333,,,,,0.0
75,T33C,0.9135758333300003,,,,,0.0
76,T49N,0.9133350000099999,,,,,0.0
77,S63H,0.91256333334,,,,,0.0
78,L62N,0.91231416666,,,,,0.0
79,L17C,0.9118708333299997,,,,,0.0
80,S63C,0.9118258333300001,,,,,0.0
81,T54I,0.9110541666900002,,,,,0.0
82,Q10Y,0.91095916667,,,,,0.0
83,L62F,0.9107308333299997,,,,,0.0
84,E25K,0.9101950000100001,,,,,0.0
85,T20C,0.91009666667,,,,,0.0
86,N43C,0.9094724999700001,,,,,0.0
87,T16C,0.909165,,,,,0.0
88,E8S,0.9091541666899995,,,,,0.0
89,N6Y,0.90863666666,,,,,0.0
90,T16N,0.9086133333399999,,,,,0.0
91,E8M,0.9079899999999997,,,,,0.0
92,E8C,0.9076141666699992,0.8985,0.8437047756874095,0.0,0.23987284930747488,0.0
93,L17M,0.9073999999899998,,,,,0.0
94,T20S,0.9073208333400001,,,,,0.0
95,V68Y,0.9067024999999999,,,,,0.0
96,E8R,0.9065191666799999,,,,,0.0
97,N43Y,0.9045666666699997,,,,,0.0
98,L62V,0.90451666667,,,,,0.0
99,S63Q,0.90422083334,,,,,0.0
100,M40C,0.9040033333399998,,,,,0.0
101,F22Y,0.9039324999899998,,,,,0.0
102,H30N,0.9035658333299996,,,,,0.0
103,S37C,0.9033783333300001,,,,,0.0
104,T33H,0.90257000001,,,,,0.0
105,T20R,0.90242333335,,,,,0.0
106,E8V,0.9021591666599993,,,,,0.0
107,S71W,0.90187166667,,,,,0.0
108,Y60C,0.9018516666700002,,,,,0.0
109,V55L,0.9017916666700003,,,,,0.0
110,E25H,0.90164916668,,,,,0.0
111,D61E,0.9015549999899997,,,,,0.0
112,D61M,0.9004366666800001,,,,,0.0
113,L17Y,0.9003391666800001,,,,,0.0
114,V68I,0.9003025000100001,,,,,0.0
115,L14C,0.9001808333100003,,,,,0.0
116,L62A,0.89997916668,,,,,0.0
117,K3N,0.8997708333399997,,,,,0.0
118,K42R,0.8995424999999999,,,,,0.0
119,L17H,0.8993883333299999,,,,,0.0
120,M9C,0.8985791666699997,,,,,0.0
121,M40R,0.89846666668,,,,,0.0
122,V32F,0.89843916667,,,,,0.0
123,E25M,0.8980341666700004,,,,,0.0
124,N43F,0.89800333334,,,,,0.0
125,Q10N,0.8979575000000003,,,,,0.0
126,E25R,0.89765083334,,,,,0.0
127,H30C,0.8975675000100002,,,,,0.0
128,T33Q,0.8975308333399997,,,,,0.0
129,E25T,0.8967750000300001,,,,,0.0
130,A2M,0.8967033333300003,,,,,0.0
131,L62Y,0.8966841666699997,,,,,0.0
132,L62C,0.89561083333,,,,,0.0
133,T49R,0.8954950000099997,,,,,0.0
134,T33N,0.8950499999899998,,,,,0.0
135,E27K,0.8948166666700003,,,,,0.0
136,T16V,0.8945991666599997,,,,,0.0
137,WT Wild-type sequence,0.8943383333199998,,,,,0.0
138,M21I,0.8939108333399995,,,,,0.0
139,E25I,0.89386000001,,,,,0.0
140,F69I,0.8935683333500003,,,,,0.0
141,S63M,0.89306249999,,,,,0.0
142,E25N,0.8927600000099999,,,,,0.0
143,I67V,0.89072249996,,,,,0.0
144,T33S,0.8906900000000002,,,,,0.0
145,Y44F,0.8906499999899999,,,,,0.0
146,S63P,0.8906333333399998,,,,,0.0
147,K42H,0.8905983333299998,,,,,0.0
148,S63V,0.8899358333400004,,,,,0.0
149,E8T,0.8898674999999998,,,,,0.0
150,L26M,0.8896900000100001,,,,,0.0
151,D61Y,0.8896358333399996,,,,,0.0
152,S71Y,0.88911250001,,,,,0.0
153,M21Q,0.8889808333300002,,,,,0.0
154,T16P,0.88862333333,,,,,0.0
155,S37H,0.8884708333299999,,,,,0.0
156,E8I,0.8881358333399999,,,,,0.0
157,S63L,0.8880325000000002,,,,,0.0
158,S63A,0.88799666667,,,,,0.0
159,E56Q,0.8878866666700002,,,,,0.0
160,A2S,0.8878191666500002,,,,,0.0
161,E15Q,0.8876433333300001,,,,,0.0
162,M9K,0.8876183333400002,,,,,0.0
163,H35F,0.8873458333400002,,,,,0.0
164,E27N,0.8872233333499996,,,,,0.0
165,G65S,0.8868116666599996,,,,,0.0
166,D61F,0.8863200000099998,,,,,0.0
167,M40N,0.8861508333399998,,,,,0.0
168,V24L,0.8860091666800001,,,,,0.0
169,S71R,0.8853541666799998,,,,,0.0
170,T33F,0.8850250000099998,,,,,0.0
171,F69C,0.8848166666600003,,,,,0.0
172,F22C,0.8847391666499996,,,,,0.0
173,F22H,0.8846474999999998,,,,,0.0
174,T12Y,0.8844008333300001,,,,,0.0
175,E56H,0.8842824999900003,,,,,0.0
176,V53C,0.8840333333299999,,,,,0.0
177,V55M,0.88402000001,,,,,0.0
178,D61I,0.8839033333400002,,,,,0.0
179,H30M,0.8837733333300001,,,,,0.0
180,H35Y,0.8837300000099998,,,,,0.0
181,E15H,0.8837066666799999,,,,,0.0
182,D61N,0.8835491666699998,,,,,0.0
183,E4G,0.8834858333399996,,,,,0.0
184,E15S,0.8832025000099998,,,,,0.0
185,K3I,0.8829250000000002,,,,,0.0
186,V13E,0.88247916667,,,,,0.0
187,V24M,0.8824641666900002,,,,,0.0
188,E27P,0.8823491666799999,,,,,0.0
189,H30P,0.8819858333399998,,,,,0.0
190,S63Y,0.8819558333399999,,,,,0.0
191,L62G,0.8815083333400004,,,,,0.0
192,E25L,0.8814366666700003,,,,,0.0
193,M9R,0.88059833334,,,,,0.0
194,S37L,0.8805774999900002,,,,,0.0
195,S63F,0.88047833333,,,,,0.0
196,L17I,0.88027333334,,,,,0.0
197,E8P,0.88011166668,,,,,0.0
198,Q10M,0.8796791666700003,,,,,0.0
199,L48C,0.8794375000000001,,,,,0.0
200,E27A,0.8792916666800004,,,,,0.0
201,S63I,0.8791683333300001,,,,,0.0
202,R72C,0.8791016666700002,,,,,0.0
203,E15D,0.87908333333,,,,,0.0
204,T33Y,0.8788433333499995,,,,,0.0
205,E25V,0.8787250000000002,,,,,0.0
206,V31I,0.8785000000100002,,,,,0.0
207,L57F,0.8784591666899999,,,,,0.0
208,M40H,0.8784083333499999,,,,,0.0
209,V32W,0.8784008333599995,,,,,0.0
210,T16M,0.8783375000000001,,,,,0.0
211,T33K,0.87800583333,,,,,0.0
212,M21T,0.87768583333,,,,,0.0
213,Y60V,0.8775649999899998,,,,,0.0
214,P18N,0.8774691666599996,,,,,0.0
215,V53R,0.8767133333199998,,,,,0.0
216,T12R,0.8765650000100003,,,,,0.0
217,H30T,0.8765241666600003,,,,,0.0
218,S37W,0.87621333333,,,,,0.0
219,L17V,0.8756291666600002,,,,,0.0
220,L48F,0.8753375000099998,,,,,0.0
221,T12L,0.87530833335,,,,,0.0
222,D61L,0.87528,,,,,0.0
223,E56C,0.8752016666700004,,,,,0.0
224,Y60R,0.87513666667,,,,,0.0
225,V68R,0.8749808333199995,,,,,0.0
226,A2C,0.8745625000099997,,,,,0.0
227,I7V,0.87430416665,,,,,0.0
228,T20Y,0.8741808333399997,,,,,0.0
229,G65C,0.8736066666699998,,,,,0.0
230,S37T,0.8732608333399999,,,,,0.0
231,L62I,0.8731258333399997,,,,,0.0
232,T33V,0.8730133333599995,,,,,0.0
233,I7K,0.87270416668,,,,,0.0
234,V24C,0.8721950000000003,,,,,0.0
235,Y60Q,0.8721508333299998,,,,,0.0
236,D61A,0.8721300000099995,,,,,0.0
237,E15N,0.8719291666699998,,,,,0.0
238,E27T,0.8718991666599999,,,,,0.0
239,S71K,0.8709650000100001,,,,,0.0
240,S37K,0.87086583335,,,,,0.0
241,E56L,0.8705208333400001,,,,,0.0
242,H35L,0.8702350000000003,,,,,0.0
243,D61V,0.8700074999999999,,,,,0.0
244,Y60H,0.8696266666700002,,,,,0.0
245,Y60F,0.8695100000100002,,,,,0.0
246,Y60M,0.8695041666699997,,,,,0.0
247,V68F,0.86921749999,,,,,0.0
248,S37N,0.8688308333599999,,,,,0.0
249,T49M,0.8688166666800001,,,,,0.0
250,E15M,0.8687766666799998,,,,,0.0
251,I7N,0.8686174999999997,,,,,0.0
252,K42N,0.86857166667,,,,,0.0
253,E25C,0.8685450000099999,,,,,0.0
254,L62W,0.8685016666599995,,,,,0.0
255,E25Y,0.8683166666700001,,,,,0.0
256,E8L,0.8682616666699998,,,,,0.0
257,Y60T,0.8681391666699997,,,,,0.0
258,N43R,0.8681050000100001,,,,,0.0
259,A34T,0.8676899999900002,,,,,0.0
260,V32Q,0.86767083335,,,,,0.0
261,D61Q,0.8675183333299998,,,,,0.0
262,D61S,0.8674950000099997,,,,,0.0
263,S71F,0.86743583334,,,,,0.0
264,T58A,0.8673649999899999,,,,,0.0
265,T12Q,0.86733249998,,,,,0.0
266,A2K,0.8672016666799996,,,,,0.0
267,Q10F,0.8671200000100001,,,,,0.0
268,F69V,0.8670066666600005,,,,,0.0
269,Q10L,0.8668325,,,,,0.0
270,Q10R,0.8664875000000003,,,,,0.0
271,S37Y,0.8658541666799997,,,,,0.0
272,M21C,0.86580166667,,,,,0.0
273,T16G,0.8657233333299998,,,,,0.0
274,N6K,0.8656525000099999,,,,,0.0
275,H30A,0.86555333333,,,,,0.0
276,T33R,0.8655183333299997,,,,,0.0
277,T54C,0.86546333333,,,,,0.0
278,H35I,0.8654499999999997,,,,,0.0
279,S37F,0.8653875000100001,,,,,0.0
280,V53I,0.86515333336,,,,,0.0
281,S37M,0.8650591666699999,,,,,0.0
282,S71H,0.8649483333199999,,,,,0.0
283,V32I,0.8649125000299999,,,,,0.0
284,L14Y,0.8648908333299999,,,,,0.0
285,R72H,0.86438416667,,,,,0.0
286,H30S,0.8642725,,,,,0.0
287,A2Q,0.8641216666599999,,,,,0.0
288,F22V,0.8641099999999996,,,,,0.0
289,M21V,0.8639649999999999,,,,,0.0
290,T20I,0.8637058333299998,,,,,0.0
291,I7R,0.8636908333299997,,,,,0.0
292,N6F,0.8635625000000001,,,,,0.0
293,H35M,0.8634583333300001,,,,,0.0
294,L17T,0.8633933333399999,,,,,0.0
295,V53H,0.86335416666,,,,,0.0
296,Y60W,0.8633225,,,,,0.0
297,N43S,0.8631491666599996,,,,,0.0
298,V32Y,0.8630050000099998,,,,,0.0
299,G65N,0.8624916666499998,,,,,0.0
300,T58M,0.8623925000099996,,,,,0.0
301,Y60N,0.8623324999899998,,,,,0.0
302,K3V,0.8619775000100001,,,,,0.0
303,Y60L,0.86171083333,,,,,0.0
304,T33E,0.8616758333300004,,,,,0.0
305,E8G,0.8616358333400003,,,,,0.0
306,Y60K,0.8614649999999999,,,,,0.0
307,E27S,0.8607399999999998,,,,,0.0
308,E56D,0.8602808333299998,,,,,0.0
309,E27H,0.8600358333400002,,,,,0.0
310,Q10I,0.8598900000199999,,,,,0.0
311,T49I,0.8598466666799999,,,,,0.0
312,S37Q,0.8597925000100001,,,,,0.0
313,K3Q,0.85975166665,,,,,0.0
314,N43M,0.8596816666699998,,,,,0.0
315,N19T,0.8595991666600001,,,,,0.0
316,E15W,0.85958750001,,,,,0.0
317,L62E,0.85957749999,,,,,0.0
318,T12K,0.8595416666700001,,,,,0.0
319,L62K,0.85941916666,,,,,0.0
320,T12I,0.8587666666800001,,,,,0.0
321,Y60S,0.8586416666699995,,,,,0.0
322,H35Q,0.8586358333400003,,,,,0.0
323,T16Y,0.8586025000100003,,,,,0.0
324,D61W,0.8585716666700003,0.908,0.8528702363724072,0.0,0.16252753243737714,0.0
325,Y60A,0.8585633333299997,,,,,0.0
326,R66N,0.8584525000000004,,,,,0.0
327,N6M,0.8583216666700001,,,,,0.0
328,Y60I,0.8583024999999996,,,,,0.0
329,V24H,0.8582850000000005,,,,,0.0
330,E25F,0.8582441666700003,,,,,0.0
331,D51N,0.8580899999999998,,,,,0.0
332,T20Q,0.85774833333,,,,,0.0
333,K3H,0.85771583332,,,,,0.0
334,G65A,0.8575691666599998,,,,,0.0
335,G50T,0.8575074999900001,,,,,0.0
336,V32T,0.8574691666700001,,,,,0.0
337,E25S,0.8574066666799998,,,,,0.0
338,A34S,0.8571833333200004,,,,,0.0
339,V13M,0.85696250001,,,,,0.0
340,V53M,0.85695249999,,,,,0.0
341,V32M,0.8566333333399999,,,,,0.0
342,T16I,0.8565650000199999,,,,,0.0
343,T20M,0.85651666667,,,,,0.0
344,Y60P,0.8563983333499996,,,,,0.0
345,E56W,0.8562300000000002,,,,,0.0
346,I7M,0.8560983333399999,,,,,0.0
347,T49H,0.8559941666499996,,,,,0.0
348,K42Y,0.8559591666699998,,,,,0.0
349,L26I,0.8558324999999999,,,,,0.0
350,S37A,0.8556725000000001,,,,,0.0
351,T58V,0.8555875000000003,,,,,0.0
352,I7H,0.8555733333399996,,,,,0.0
353,G65T,0.8555666666499995,,,,,0.0
354,T16F,0.8554508333399999,,,,,0.0
355,K3C,0.8553191666700003,,,,,0.0
356,D61T,0.85523416667,,,,,0.0
357,G50K,0.85507916668,,,,,0.0
358,H30R,0.8545833333399999,,,,,0.0
359,E27Q,0.8545274999999992,0.826,0.7737578388808489,0.0,0.1599574899559759,0.0
360,D61H,0.8545224999999997,,,,,0.0
361,D51G,0.85443916667,,,,,0.0
362,S71Q,0.8542374999900002,,,,,0.0
363,E15Y,0.8539541666700003,,,,,0.0
364,V53A,0.8539333333400001,,,,,0.0
365,I67M,0.8537541666600004,,,,,0.0
366,V68M,0.8536791666700002,,,,,0.0
367,K42C,0.8535674999900001,,,,,0.0
368,P18T,0.8535025,,,,,0.0
369,I36L,0.85344833331,,,,,0.0
370,T54F,0.8533941666700002,,,,,0.0
371,K42F,0.8533883333399997,,,,,0.0
372,T16H,0.8531941666800001,,,,,0.0
373,H35V,0.8531866666699996,,,,,0.0
374,E15F,0.8528233333299999,,,,,0.0
375,L26F,0.8526958333300003,,,,,0.0
376,V32H,0.8523825000099998,,,,,0.0
377,L62R,0.85191000001,,,,,0.0
378,H35N,0.8514125000099999,,,,,0.0
379,I45C,0.851295,,,,,0.0
380,D61K,0.8511933333499998,,,,,0.0
381,V24Q,0.8511458333400003,,,,,0.0
382,E15K,0.8506550000099997,,,,,0.0
383,H30V,0.8505750000000003,,,,,0.0
384,H30E,0.85054833333,,,,,0.0
385,S37R,0.85048833334,,,,,0.0
386,S37G,0.8503700000100001,,,,,0.0
387,H30I,0.8501258333299997,,,,,0.0
388,T49K,0.8501166666799996,,,,,0.0
389,M40L,0.8495975000100003,,,,,0.0
390,E15C,0.8495674999999997,,,,,0.0
391,Q10S,0.84955833331,,,,,0.0
392,M21H,0.8494691666699999,,,,,0.0
393,P18C,0.84939916666,,,,,0.0
394,R70K,0.84931750001,,,,,0.0
395,E27M,0.8492999999999999,0.852,0.7988422575976845,0.0,0.16513576394341611,0.0
396,T54A,0.84919000001,,,,,0.0
397,V68C,0.8491674999800003,,,,,0.0
398,N6C,0.8489024999800001,,,,,0.0
399,G50A,0.8487799999799998,,,,,0.0
400,I36M,0.8486499999999999,,,,,0.0
401,Y44V,0.8483849999999998,,,,,0.0
402,P18A,0.8481575000000001,,,,,0.0
403,D61R,0.8480808333400001,,,,,0.0
404,S71T,0.84758583333,,,,,0.0
405,K64C,0.84743833333,,,,,0.0
406,T49Y,0.8472458333499998,,,,,0.0
407,V32L,0.8472241666699999,,,,,0.0
408,S71L,0.8470658333500001,,,,,0.0
409,M21N,0.8470375000099998,,,,,0.0
410,G50H,0.8469674999900001,,,,,0.0
411,P18H,0.8469383333299999,,,,,0.0
412,E25W,0.8468541666700001,,,,,0.0
413,M21F,0.8468300000100002,,,,,0.0
414,E15L,0.84679166668,,,,,0.0
415,S71N,0.8466533333199999,,,,,0.0
416,L14W,0.8465424999899999,,,,,0.0
417,S63K,0.8460891666700001,,,,,0.0
418,K39R,0.8459358333099997,,,,,0.0
419,T16D,0.8456641666700002,,,,,0.0
420,P18K,0.8456041666700002,,,,,0.0
421,L17R,0.84554916668,,,,,0.0
422,L17N,0.8454050000099999,,,,,0.0
423,E25P,0.84525916666,,,,,0.0
424,S71M,0.8452341666700001,,,,,0.0
425,S63T,0.8452324999899998,,,,,0.0
426,E56N,0.8451025000099999,,,,,0.0
427,R23V,0.8450924999899999,,,,,0.0
428,I7T,0.8449233333399999,,,,,0.0
429,A2N,0.8447866666800004,,,,,0.0
430,R41C,0.8447000000000001,,,,,0.0
431,L17W,0.8446358333399996,,,,,0.0
432,F22I,0.8445958333399998,,,,,0.0
433,A34G,0.8445158333400004,,,,,0.0
434,K52C,0.8440591666600002,,,,,0.0
435,I7C,0.8437916666599997,,,,,0.0
436,E15T,0.8436891666799993,,,,,0.0
437,A2Y,0.8436508333300001,,,,,0.0
438,T58I,0.8436316666799994,,,,,0.0
439,T16E,0.8436308333299998,,,,,0.0
440,F22W,0.8435724999999998,,,,,0.0
441,S63R,0.8435291666700002,,,,,0.0
442,L62Q,0.8433783333299999,,,,,0.0
443,I7F,0.8433183333400001,,,,,0.0
444,D5G,0.8432550000099998,,,,,0.0
445,T16K,0.8422783333500001,,,,,0.0
446,E56M,0.8422641666699998,,,,,0.0
447,A34V,0.84186,,,,,0.0
448,T49V,0.8418516666900001,,,,,0.0
449,V53F,0.84152833333,,,,,0.0
450,T16L,0.8414475000099998,,,,,0.0
451,H35C,0.8413724999899999,,,,,0.0
452,Q10P,0.8412683333300004,0.9205,0.8649300530631934,0.0,0.23755866272490941,0.0
453,T58Q,0.8412458333399997,,,,,0.0
454,V68K,0.8411000000099998,,,,,0.0
455,E56V,0.8400149999899998,,,,,0.0
456,E27L,0.8399824999999994,0.844,0.7911239749155813,0.0,0.1310891956423764,0.0
457,N28C,0.8399699999800001,,,,,0.0
458,L17S,0.8395824999999998,,,,,0.0
459,V53L,0.8394916666699993,,,,,0.0
460,A34M,0.8394208333299998,,,,,0.0
461,R66A,0.8389833333300004,,,,,0.0
462,I36C,0.8388608333400001,,,,,0.0
463,R23I,0.8388241666799998,,,,,0.0
464,T12E,0.8388233333100003,,,,,0.0
465,E15P,0.8386433333100001,,,,,0.0
466,R72T,0.8385925000099997,,,,,0.0
467,L17Q,0.8385741666599997,,,,,0.0
468,R41H,0.8385491666699997,,,,,0.0
469,P59M,0.8385008333200001,,,,,0.0
470,E25A,0.838425,,,,,0.0
471,E15A,0.8382666666699992,,,,,0.0
472,F22T,0.8381400000000001,,,,,0.0
473,S37I,0.8381325,,,,,0.0
474,V53K,0.8381308333400004,,,,,0.0
475,L17A,0.83812333334,,,,,0.0
476,E27V,0.8379916666699999,,,,,0.0
477,Q10T,0.8374158333,,,,,0.0
478,K52M,0.8369541666600003,,,,,0.0
479,E27R,0.8367675,,,,,0.0
480,E15I,0.8364641666799999,,,,,0.0
481,K64M,0.8364116666599999,,,,,0.0
482,V24T,0.8363725000000002,,,,,0.0
483,I7S,0.8361266666599999,,,,,0.0
484,E15V,0.8360758333399997,,,,,0.0
485,I47V,0.8359791666800003,,,,,0.0
486,R66H,0.8357116666700002,,,,,0.0
487,G11C,0.8353933333399999,,,,,0.0
488,K39C,0.8352966666700001,,,,,0.0
489,V53Y,0.835255,,,,,0.0
490,V68H,0.8348599999999996,,,,,0.0
491,V32K,0.8346408333400003,,,,,0.0
492,H35A,0.8341708333399999,,,,,0.0
493,T33M,0.8341074999899999,,,,,0.0
494,T54L,0.8337716666899999,,,,,0.0
495,T12H,0.8337424999899998,,,,,0.0
496,Y44I,0.8337274999999998,,,,,0.0
497,V32G,0.8336758333400003,,,,,0.0
498,E15R,0.8336300000099996,,,,,0.0
499,V55C,0.8333141666700006,,,,,0.0
500,L17K,0.8333100000100003,,,,,0.0
501,K3A,0.8332491666699999,,,,,0.0
502,D51H,0.8331883333400004,,,,,0.0
503,R70F,0.83266,,,,,0.0
504,T33W,0.83263000001,,,,,0.0
505,I45R,0.8322975000099998,,,,,0.0
506,E56Y,0.8322250000100001,,,,,0.0
507,V68Q,0.8316625000100002,,,,,0.0
508,T49F,0.8314933333299999,,,,,0.0
509,E27F,0.8313758333300001,,,,,0.0
510,E27I,0.8313749999999998,,,,,0.0
511,V24F,0.8313608333400001,,,,,0.0
512,N43H,0.8312883333,,,,,0.0
513,N19L,0.8308483333199996,,,,,0.0
514,L57C,0.8305925000100001,,,,,0.0
515,H30D,0.8305791666600001,,,,,0.0
516,M21Y,0.83047416667,,,,,0.0
517,F69L,0.8303850000000002,,,,,0.0
518,T54M,0.8300500000099998,,,,,0.0
519,E56S,0.8296316666599999,,,,,0.0
520,N43V,0.8294258333300003,,,,,0.0
521,N43T,0.8292425,,,,,0.0
522,N28K,0.8292349999999999,,,,,0.0
523,D51A,0.8290908333399999,,,,,0.0
524,R70A,0.8288916666599999,,,,,0.0
525,K3M,0.8287641666600003,,,,,0.0
526,G50R,0.82869833332,,,,,0.0
527,V24A,0.8285483333400001,,,,,0.0
528,A2P,0.8285366666499998,,,,,0.0
529,F22S,0.8283808333199998,,,,,0.0
530,G65V,0.8283783333299999,,,,,0.0
531,V53T,0.8280999999800004,,,,,0.0
532,R66V,0.8277291666599998,,,,,0.0
533,I7Y,0.8275866666699997,,,,,0.0
534,T58L,0.8274483333399999,,,,,0.0
535,P18M,0.8273741666699997,,,,,0.0
536,E27W,0.8273591666699995,,,,,0.0
537,N19S,0.82733333333,,,,,0.0
538,E4D,0.8272866666600003,,,,,0.0
539,M21K,0.8271458333499999,,,,,0.0
540,P59H,0.8269424999999999,,,,,0.0
541,L17P,0.8269033333399999,,,,,0.0
542,R23T,0.8267083333300002,,,,,0.0
543,D51C,0.8266725000000001,,,,,0.0
544,F22M,0.8262491666599999,,,,,0.0
545,T20V,0.82605916666,,,,,0.0
546,F69M,0.8260516666600001,,,,,0.0
547,Q10V,0.8259516666600001,,,,,0.0
548,P18R,0.8255891666699999,,,,,0.0
549,D51E,0.8254899999999998,,,,,0.0
550,M21A,0.8254866666699998,,,,,0.0
551,I7L,0.8253499999899998,,,,,0.0
552,S71P,0.8252116666799998,,,,,0.0
553,T16R,0.8251716666700003,,,,,0.0
554,F22E,0.8251683333299996,,,,,0.0
555,M40I,0.8251675000099996,,,,,0.0
556,M40G,0.8250841666699996,,,,,0.0
557,N19M,0.8250324999999998,,,,,0.0
558,H30G,0.8249083333399999,,,,,0.0
559,G50P,0.82490833331,,,,,0.0
560,H30L,0.82481833332,,,,,0.0
561,E56I,0.8247124999999998,,,,,0.0
562,I45F,0.8246991666800001,,,,,0.0
563,V32R,0.8245275000100003,,,,,0.0
564,G29C,0.8239275000000003,,,,,0.0
565,V13N,0.82371666666,,,,,0.0
566,Q10A,0.82369749997,,,,,0.0
567,H35W,0.8235808333199999,,,,,0.0
568,E27D,0.82349499998,,,,,0.0
569,V32A,0.8233875000099996,,,,,0.0
570,L62P,0.8233441666699997,,,,,0.0
571,L48R,0.8232283333299999,,,,,0.0
572,N19A,0.82318749999,,,,,0.0
573,L48H,0.8231125000000001,,,,,0.0
574,A2L,0.8230574999999998,,,,,0.0
575,F22A,0.8230208333200004,,,,,0.0
576,T58N,0.8226249999899999,,,,,0.0
577,R70I,0.82227416667,,,,,0.0
578,M21W,0.8220016666699999,,,,,0.0
579,T49W,0.8219349999999995,,,,,0.0
580,R23L,0.8219049999899997,,,,,0.0
581,D61P,0.8218391666799999,,,,,0.0
582,E27C,0.8216316666700006,0.793,0.7419199228171732,0.0,0.1655890357157171,0.0
583,H30W,0.8211699999999997,,,,,0.0
584,M9H,0.8211391666600002,,,,,0.0
585,T54Y,0.8209166666700003,,,,,0.0
586,T20D,0.82063333335,,,,,0.0
587,R70C,0.8203608333200001,,,,,0.0
588,L17E,0.8203233333300001,,,,,0.0
589,T54S,0.8201933333199999,,,,,0.0
590,D51R,0.8201175000099997,,,,,0.0
591,E56F,0.8201075000000002,,,,,0.0
592,R41K,0.8200766666700001,,,,,0.0
593,R23N,0.8197350000000004,0.903,0.8480463096960926,0.0,0.15694917319435872,0.0
594,V68E,0.8194991666699998,,,,,0.0
595,L14I,0.8193950000299999,,,,,0.0
596,T33D,0.8193025000000003,,,,,0.0
597,M9S,0.8190000000000002,,,,,0.0
598,K64N,0.8189241666699998,,,,,0.0
599,M40F,0.8188691666799995,,,,,0.0
600,V31T,0.8186966666700001,,,,,0.0
601,T33P,0.81841166667,,,,,0.0
602,V24N,0.8181366666600002,,,,,0.0
603,V32S,0.8179983333299999,,,,,0.0
604,T12D,0.8179275000000001,,,,,0.0
605,T16Q,0.8178266666499997,,,,,0.0
606,K52V,0.8177624999900003,,,,,0.0
607,I45V,0.8175858333400001,,,,,0.0
608,V68T,0.8175108333100002,,,,,0.0
609,M21S,0.8174249999999997,,,,,0.0
610,I7Q,0.8170466666699998,,,,,0.0
611,R41S,0.8170291666700001,,,,,0.0
612,N43I,0.8169233333400002,,,,,0.0
613,Y60E,0.8168833333399997,,,,,0.0
614,E27Y,0.8168441666699997,,,,,0.0
615,R70Y,0.8167208333299999,,,,,0.0
616,R70H,0.8165866666500001,,,,,0.0
617,N28H,0.8162775000000002,,,,,0.0
618,F69R,0.8161466666699998,,,,,0.0
619,G65P,0.8161291666699999,,,,,0.0
620,V24S,0.8160983333300004,,,,,0.0
621,E56T,0.8160366666699995,,,,,0.0
622,P59Q,0.81602083334,,,,,0.0
623,F22L,0.8160124999999997,,,,,0.0
624,S37V,0.8159716666599997,,,,,0.0
625,K52A,0.8159675000000004,,,,,0.0
626,D51Y,0.8157733333299997,,,,,0.0
627,N43K,0.8155675000200001,,,,,0.0
628,R66K,0.81532750001,,,,,0.0
629,H35K,0.8150408333399995,,,,,0.0
630,F22R,0.81490583333,,,,,0.0
631,I45W,0.8148449999999999,,,,,0.0
632,F22D,0.8147949999899998,,,,,0.0
633,A2R,0.81469666667,,,,,0.0
634,I36F,0.81458333334,,,,,0.0
635,M21R,0.8145483333399998,,,,,0.0
636,R70M,0.8144916666599997,,,,,0.0
637,V68A,0.8144483333199996,,,,,0.0
638,T33L,0.8139766666400001,,,,,0.0
639,E27G,0.8138550000100001,,,,,0.0
640,S63D,0.8138241666700001,,,,,0.0
641,S63G,0.8137208333299998,,,,,0.0
642,L57M,0.81343333333,,,,,0.0
643,V53S,0.81339,,,,,0.0
644,T33G,0.81337166666,,,,,0.0
645,E56K,0.8133275000000002,,,,,0.0
646,N6W,0.8133191666599997,,,,,0.0
647,R23C,0.8131224999800001,,,,,0.0
648,R70T,0.8130266666499999,,,,,0.0
649,T54G,0.8127458333399998,,,,,0.0
650,H35T,0.8126433333399998,,,,,0.0
651,V24K,0.8125766666700003,,,,,0.0
652,T12N,0.8124566666499998,,,,,0.0
653,V13T,0.8123950000100001,,,,,0.0
654,P18Y,0.81220916667,,,,,0.0
655,R66C,0.8118949999899999,,,,,0.0
656,T20E,0.81186,,,,,0.0
657,D61G,0.8117100000099999,,,,,0.0
658,N19K,0.8115408333399999,,,,,0.0
659,T20P,0.8114975,,,,,0.0
660,I45Y,0.8114625,,,,,0.0
661,V13A,0.8114016666699999,,,,,0.0
662,Y60G,0.8108649999999996,,,,,0.0
663,P18S,0.8106916666699998,,,,,0.0
664,M21P,0.8106808333399996,,,,,0.0
665,I45M,0.8105733333499995,,,,,0.0
666,I67C,0.8104658332900003,,,,,0.0
667,D51T,0.8104349999999997,,,,,0.0
668,L48S,0.8103133333299998,,,,,0.0
669,R72A,0.8101499999899999,,,,,0.0
670,E25D,0.8101266666500002,,,,,0.0
671,A2G,0.8100291666600004,,,,,0.0
672,T58P,0.8100100000099996,,,,,0.0
673,L14V,0.8099274999899997,,,,,0.0
674,F22K,0.8097758333299994,,,,,0.0
675,P59V,0.8094450000099997,,,,,0.0
676,Y44C,0.8094341666699999,,,,,0.0
677,N19V,0.8094299999999999,,,,,0.0
678,N43L,0.80928916668,,,,,0.0
679,R23H,0.8092675,,,,,0.0
680,T12F,0.8092141666700001,,,,,0.0
681,N19H,0.8088333333399998,,,,,0.0
682,M40V,0.8085108333400002,,,,,0.0
683,D51V,0.8084183333399999,,,,,0.0
684,T20L,0.80832083333,,,,,0.0
685,R66T,0.8082558333400002,,,,,0.0
686,P59K,0.8082125000000002,,,,,0.0
687,T12P,0.8081633333399998,,,,,0.0
688,R72N,0.8081191666700002,,,,,0.0
689,H30F,0.8080974999999998,,,,,0.0
690,R23M,0.8080666666599999,,,,,0.0
691,D51P,0.8079949999999997,,,,,0.0
692,I7A,0.8079424999999997,0.82275,0.7706222865412445,0.0,0.13767917771293142,0.0
693,I47C,0.8078891666800001,,,,,0.0
694,V24W,0.8077033333300001,,,,,0.0
695,V31K,0.80760249999,,,,,0.0
696,N19C,0.80747083333,,,,,0.0
697,V32N,0.8071850000200002,,,,,0.0
698,H35R,0.8069991666699998,,,,,0.0
699,S71I,0.8063908333600002,,,,,0.0
700,T49A,0.8063558332999996,,,,,0.0
701,K3T,0.8061883333399997,,,,,0.0
702,L62D,0.8059508333200001,,,,,0.0
703,Y60D,0.8054483333299999,,,,,0.0
704,P59L,0.8053924999900001,,,,,0.0
705,V13W,0.8051783333300002,,,,,0.0
706,L48W,0.80508333334,,,,,0.0
707,R66Q,0.8050083333399999,,,,,0.0
708,E4W,0.8049599999999988,0.666,0.6193921852387844,0.0,0.2909253601511409,0.0
709,G65R,0.8046641666600003,,,,,0.0
710,Y44M,0.8046566666499999,,,,,0.0
711,V55K,0.8045191666599998,,,,,0.0
712,I45K,0.8045125000100003,,,,,0.0
713,H30Y,0.8044824999999999,,,,,0.0
714,N19I,0.8044266666599998,,,,,0.0
715,V55R,0.80436333333,,,,,0.0
716,A2F,0.8039291666599996,,,,,0.0
717,R41N,0.8038183333300002,,,,,0.0
718,V53Q,0.8038141666599999,,,,,0.0
719,Y44T,0.8037925000099996,,,,,0.0
720,A34I,0.8034149999999998,,,,,0.0
721,K64G,0.8034124999999998,,,,,0.0
722,E56R,0.8033933333399998,,,,,0.0
723,T20F,0.8032841666599999,,,,,0.0
724,K64H,0.8030058333299996,,,,,0.0
725,G29P,0.8026991666699999,,,,,0.0
726,G11S,0.8026325000000003,,,,,0.0
727,L14H,0.8026199999999999,,,,,0.0
728,A2W,0.8025749999999998,,,,,0.0
729,A2H,0.8021558333399996,,,,,0.0
730,K3F,0.8021458333400002,0.905,0.8499758803666184,0.0,0.1486420880597103,0.0
731,P59I,0.8019558333299998,,,,,0.0
732,T54K,0.8018416666800001,,,,,0.0
733,L26Y,0.8016933333400001,,,,,0.0
734,D51Q,0.8014491666799998,,,,,0.0
735,F69S,0.800965,,,,,0.0
736,N19Q,0.8003408333499997,,,,,0.0
737,V24Y,0.8002858333399999,,,,,0.0
738,D51L,0.8002625000100001,,,,,0.0
739,V13F,0.80024083334,,,,,0.0
740,T49L,0.7996966666699998,,,,,0.0
741,R66S,0.79968416667,,,,,0.0
742,P59C,0.7995691666599999,,,,,0.0
743,E56P,0.7991783333299997,,,,,0.0
744,R23A,0.7988583333299999,,,,,0.0
745,V24D,0.7987825000000001,,,,,0.0
746,T33A,0.7985825000099998,,,,,0.0
747,Y44H,0.7984883333399999,,,,,0.0
748,T58C,0.79824249998,,,,,0.0
749,L57Y,0.79809833334,,,,,0.0
750,G65K,0.7980491666700003,,,,,0.0
751,K52I,0.79777416667,,,,,0.0
752,K3L,0.79774416668,,,,,0.0
753,V24R,0.7976908333400001,,,,,0.0
754,K64R,0.7976816666399997,,,,,0.0
755,V53N,0.79764999999,,,,,0.0
756,I36V,0.7974191666599998,,,,,0.0
757,R70N,0.7973424999800001,,,,,0.0
758,V55S,0.79727583333,,,,,0.0
759,M21E,0.7972191666699995,,,,,0.0
760,I45N,0.7968758333399998,,,,,0.0
761,M9N,0.7966708333300001,,,,,0.0
762,V68W,0.7965149999800001,,,,,0.0
763,G29A,0.7962941666700002,,,,,0.0
764,I45L,0.7962941666699997,,,,,0.0
765,N19R,0.7960874999999998,,,,,0.0
766,H35E,0.7956691666599999,,,,,0.0
767,F22N,0.7956649999899994,,,,,0.0
768,P59F,0.7951949999999995,,,,,0.0
769,Q10W,0.7950316666699999,,,,,0.0
770,T12A,0.7944399999799999,,,,,0.0
771,I45H,0.79443083334,,,,,0.0
772,M9A,0.7938524999900001,,,,,0.0
773,S63W,0.7933683333399998,,,,,0.0
774,V68S,0.7933083333200002,,,,,0.0
775,L17D,0.7931208333399996,,,,,0.0
776,P18Q,0.7930708333299994,,,,,0.0
777,R72M,0.79279916668,,,,,0.0
778,A2I,0.79271166667,,,,,0.0
779,F69H,0.7925433333199996,,,,,0.0
780,I7P,0.7924750000099998,,,,,0.0
781,I47L,0.79242666667,,,,,0.0
782,R70V,0.7923066666599999,,,,,0.0
783,K52N,0.79226666667,,,,,0.0
784,D51W,0.7922258333400001,,,,,0.0
785,N6R,0.7921233333499998,,,,,0.0
786,F22Q,0.79206333333,,,,,0.0
787,T12C,0.7920183333300007,0.7385,0.689339122045345,0.0,0.22369323087956716,0.0
788,L48Y,0.7920166666699999,,,,,0.0
789,Y44L,0.7918633333299997,,,,,0.0
790,V32D,0.7918491666699999,,,,,0.0
791,G50N,0.7916808333399997,,,,,0.0
792,P59N,0.79166666666,,,,,0.0
793,E8W,0.7916358333500001,,,,,0.0
794,A2V,0.7913741666599999,,,,,0.0
795,T58E,0.7912316666700001,0.909,0.8538350217076701,0.0,0.17783987971135562,0.0
796,R23Y,0.7912291666699999,,,,,0.0
797,I67L,0.7912016666699998,,,,,0.0
798,V13P,0.7907891666700002,,,,,0.0
799,R72I,0.79062500001,,,,,0.0
800,L26S,0.7905500000000001,,,,,0.0
801,D51M,0.7904458333400001,,,,,0.0
802,G50C,0.7896058333100002,,,,,0.0
803,T49C,0.7895933333299999,,,,,0.0
804,S63E,0.78951833333,,,,,0.0
805,M21D,0.7894516666699997,,,,,0.0
806,T54P,0.7891850000100001,,,,,0.0
807,D51I,0.7890091666700003,,,,,0.0
808,G65D,0.7889674999999998,,,,,0.0
809,M9Q,0.7889616666400001,,,,,0.0
810,E15G,0.7886183333300001,,,,,0.0
811,Y44A,0.7883408333399999,,,,,0.0
812,K42I,0.7882941666799997,,,,,0.0
813,V55D,0.7881833333299997,,,,,0.0
814,R46K,0.78817833335,,,,,0.0
815,L48A,0.788065,,,,,0.0
816,V55Q,0.7880566666600001,,,,,0.0
817,Q10G,0.7879799999700002,,,,,0.0
818,R66E,0.7879408333299998,,,,,0.0
819,T12W,0.7878825000000004,,,,,0.0
820,R70L,0.7876458333399999,,,,,0.0
821,G50V,0.7876024999600001,,,,,0.0
822,T58G,0.7874983333399997,,,,,0.0
823,N43A,0.7872966666699999,,,,,0.0
824,M40P,0.78711,,,,,0.0
825,V24E,0.7865441666700004,,,,,0.0
826,G29N,0.7862774999999996,,,,,0.0
827,V55W,0.7861725000000002,,,,,0.0
828,V55T,0.7861699999900001,,,,,0.0
829,M40Y,0.7860108333599999,,,,,0.0
830,N43G,0.7858724999999996,,,,,0.0
831,N19P,0.7854025000099998,,,,,0.0
832,K42V,0.7853300000099998,,,,,0.0
833,G65Q,0.7851733333199998,,,,,0.0
834,F69K,0.7847349999999998,,,,,0.0
835,K42T,0.7842383333400003,,,,,0.0
836,K42W,0.7841933333299999,,,,,0.0
837,T58D,0.7838325000099999,,,,,0.0
838,G65H,0.7836941666599998,,,,,0.0
839,A34L,0.7836433333199999,,,,,0.0
840,L26T,0.78362083333,,,,,0.0
841,T58S,0.7830291666499999,,,,,0.0
842,I45S,0.7829833333399998,,,,,0.0
843,M40T,0.7828816666799997,,,,,0.0
844,V68G,0.7828174999899998,,,,,0.0
845,I7W,0.7827600000099999,,,,,0.0
846,D51F,0.7827050000000001,,,,,0.0
847,I45G,0.7825608333399998,,,,,0.0
848,N28Q,0.78248083332,,,,,0.0
849,D51S,0.7823141666699999,,,,,0.0
850,V24P,0.7818299999899999,,,,,0.0
851,M21G,0.7817675,,,,,0.0
852,T12S,0.7817341666500001,,,,,0.0
853,T20W,0.7816799999999996,,,,,0.0
854,E25G,0.7816725000200003,,,,,0.0
855,L57W,0.7815141666799998,,,,,0.0
856,H35S,0.7815074999999997,,,,,0.0
857,L17G,0.7813483333400001,,,,,0.0
858,F69T,0.7811708333200003,,,,,0.0
859,R70Q,0.7808283333099999,,,,,0.0
860,M9P,0.7804416666500003,,,,,0.0
861,K64A,0.7804325000100001,,,,,0.0
862,V13S,0.7803683333400002,,,,,0.0
863,D51K,0.7801549999999999,,,,,0.0
864,V32E,0.7800658333400002,,,,,0.0
865,V55H,0.7791674999900002,,,,,0.0
866,Q10K,0.7788741666700001,,,,,0.0
867,I67F,0.7782291666499997,,,,,0.0
868,R46C,0.7781725,,,,,0.0
869,L48Q,0.77816083333,,,,,0.0
870,V55N,0.7778450000000001,,,,,0.0
871,K52P,0.7776500000000003,,,,,0.0
872,M40Q,0.7776400000099999,,,,,0.0
873,M40S,0.7775133333499997,,,,,0.0
874,H35D,0.7774174999900001,,,,,0.0
875,L48G,0.7773966666700001,,,,,0.0
876,K3E,0.7773533333399999,,,,,0.0
877,V53P,0.7769025,,,,,0.0
878,A2E,0.7765525000099999,,,,,0.0
879,M9T,0.77606416666,,,,,0.0
880,G29Y,0.77597500001,,,,,0.0
881,T54R,0.7751358333399998,,,,,0.0
882,R72K,0.77513333331,,,,,0.0
883,L14S,0.7746541666699999,,,,,0.0
884,T54H,0.7740074999900002,,,,,0.0
885,I45T,0.7738408333399996,,,,,0.0
886,V53G,0.7735033333299997,,,,,0.0
887,K52S,0.7731208333300001,,,,,0.0
888,L57K,0.7729233333300001,,,,,0.0
889,K3R,0.77269833331,,,,,0.0
890,I36Y,0.7724574999999999,,,,,0.0
891,S71V,0.7724358333499999,,,,,0.0
892,V24G,0.7724041666700002,,,,,0.0
893,L26H,0.77220749999,,,,,0.0
894,R23S,0.7720549999999998,,,,,0.0
895,Y44K,0.77178916667,,,,,0.0
896,G29S,0.7714974999900001,,,,,0.0
897,V13Y,0.7714766666699998,,,,,0.0
898,L48M,0.7706841666799998,,,,,0.0
899,A34R,0.7705849999900001,,,,,0.0
900,K64V,0.7705266666699998,,,,,0.0
901,V55E,0.7705258333299997,,,,,0.0
902,R72L,0.7704925,,,,,0.0
903,R72V,0.7703,,,,,0.0
904,G11Y,0.770085,,,,,0.0
905,N28E,0.7699649999899999,,,,,0.0
906,L48N,0.7697299999899999,,,,,0.0
907,S37E,0.7697100000099997,,,,,0.0
908,K52L,0.7695658333399998,,,,,0.0
909,N6Q,0.76938583334,,,,,0.0
910,K64I,0.7690616666699998,,,,,0.0
911,F22P,0.7687824999899998,,,,,0.0
912,M40A,0.7687133333499997,,,,,0.0
913,A2D,0.7685308333200003,,,,,0.0
914,P59T,0.7681816666500002,,,,,0.0
915,L57R,0.7680708333299999,,,,,0.0
916,L57H,0.7678058333300001,,,,,0.0
917,F22G,0.7676949999899999,,,,,0.0
918,R72F,0.7676891666700001,,,,,0.0
919,G65I,0.7675974999900003,,,,,0.0
920,V68N,0.76756749999,,,,,0.0
921,I7G,0.7674533333299999,,,,,0.0
922,R72S,0.7674099999999996,,,,,0.0
923,K3S,0.76739833334,,,,,0.0
924,L48P,0.76737416667,,,,,0.0
925,K42A,0.7673625000000003,,,,,0.0
926,R46V,0.76718583334,,,,,0.0
927,R46A,0.7671533333200001,,,,,0.0
928,R72W,0.7668166666699997,,,,,0.0
929,G38C,0.76672416667,,,,,0.0
930,P18D,0.7659533333399996,,,,,0.0
931,V31W,0.7658808333300001,,,,,0.0
932,K3Y,0.7658333333399997,,,,,0.0
933,R23W,0.7658108333399999,,,,,0.0
934,P18V,0.7653925000099997,,,,,0.0
935,R70W,0.7651624999799997,,,,,0.0
936,N28S,0.7644458333299998,,,,,0.0
937,V13G,0.7643674999899999,,,,,0.0
938,N28T,0.76433749999,,,,,0.0
939,S37D,0.7643124999899998,,,,,0.0
940,G11P,0.7642824999800005,,,,,0.0
941,L57D,0.76411999999,,,,,0.0
942,P18E,0.7640658333299997,,,,,0.0
943,K42S,0.7637625000000005,,,,,0.0
944,R66L,0.7635124999999999,,,,,0.0
945,T58H,0.7633291666699997,,,,,0.0
946,R66G,0.7633266666699998,,,,,0.0
947,K64T,0.7631083333400001,,,,,0.0
948,N28A,0.7629841666600002,,,,,0.0
949,L48V,0.7629358333399999,,,,,0.0
950,I7E,0.7628583333400001,,,,,0.0
951,N19F,0.7623466666800003,,,,,0.0
952,R23F,0.7620008333299999,,,,,0.0
953,I45A,0.7619925000099996,,,,,0.0
954,V13I,0.7615891666799999,,,,,0.0
955,F69P,0.7615408333399998,,,,,0.0
956,P18I,0.7614641666700002,,,,,0.0
957,A2T,0.7613241666500001,,,,,0.0
958,V13D,0.7612283333300002,,,,,0.0
959,K52F,0.76121583332,,,,,0.0
960,G29Q,0.7611716666699995,,,,,0.0
961,N43D,0.7611249999999999,,,,,0.0
962,N6L,0.7609516666400004,,,,,0.0
963,I45Q,0.7605108333399998,,,,,0.0
964,L14R,0.76049666666,,,,,0.0
965,L48T,0.7603266666599999,,,,,0.0
966,G65Y,0.7603083333299998,,,,,0.0
967,T54E,0.7602924999899997,,,,,0.0
968,K64P,0.7602674999999997,,,,,0.0
969,L48I,0.7598774999999997,,,,,0.0
970,R66D,0.7597599999899995,,,,,0.0
971,R46F,0.7595558333300002,,,,,0.0
972,G29K,0.7593083333399998,,,,,0.0
973,G29F,0.7589708333299998,,,,,0.0
974,K52T,0.75884333333,,,,,0.0
975,M9V,0.7587141666599999,,,,,0.0
976,R41G,0.7579858333399998,,,,,0.0
977,V55F,0.7576983333499996,,,,,0.0
978,K39T,0.7576474999900001,,,,,0.0
979,L26A,0.7576458333299998,,,,,0.0
980,K39V,0.7575600000000001,,,,,0.0
981,N43W,0.7574091666699998,,,,,0.0
982,R66Y,0.7564716666700005,,,,,0.0
983,G29L,0.75621416667,,,,,0.0
984,R66M,0.7559158333400002,,,,,0.0
985,G11W,0.7559058333099997,,,,,0.0
986,R41Q,0.7557616666699998,,,,,0.0
987,T58F,0.7557008333299998,,,,,0.0
988,Y44S,0.7546083333399994,,,,,0.0
989,Y44N,0.7545175,,,,,0.0
990,G29M,0.7543525000099999,,,,,0.0
991,V53D,0.7542566666599998,,,,,0.0
992,V13L,0.75414916666,,,,,0.0
993,V53E,0.7536741666600001,,,,,0.0
994,S71G,0.7535883333200001,,,,,0.0
995,L26W,0.7527974999999998,,,,,0.0
996,T54N,0.7527733333299997,,,,,0.0
997,L57Q,0.7527416666699999,,,,,0.0
998,G11T,0.7526374999900004,,,,,0.0
999,K3W,0.7521091666699999,,,,,0.0
1000,T16W,0.7520283333300002,,,,,0.0
1001,R66W,0.7510691666700001,,,,,0.0
1002,I67W,0.7508475,,,,,0.0
1003,S37P,0.75048916666,,,,,0.0
1004,K64E,0.7501324999999998,,,,,0.0
1005,G65M,0.74975666665,,,,,0.0
1006,K52R,0.7497324999599997,,,,,0.0
1007,G50W,0.7495658333099997,,,,,0.0
1008,G50D,0.7488741666699997,,,,,0.0
1009,I47F,0.7488558333499996,,,,,0.0
1010,F69A,0.7485916666700002,,,,,0.0
1011,K64S,0.74831583334,,,,,0.0
1012,E56A,0.7481616666499998,,,,,0.0
1013,P18G,0.7478508333499996,,,,,0.0
1014,R23E,0.74759333333,,,,,0.0
1015,V55P,0.74758583333,,,,,0.0
1016,P59S,0.7475091666600002,,,,,0.0
1017,F69N,0.74748083332,,,,,0.0
1018,G50S,0.74703083333,,,,,0.0
1019,A34N,0.7466166666599999,,,,,0.0
1020,P59R,0.7465841666600003,,,,,0.0
1021,S71E,0.74640083333,,,,,0.0
1022,V13Q,0.7463058333300002,,,,,0.0
1023,G65L,0.7462441666499999,,,,,0.0
1024,P59E,0.7462391666699999,,,,,0.0
1025,R46T,0.7458583333200001,,,,,0.0
1026,R72Y,0.74547,,,,,0.0
1027,K64F,0.7453333333300001,,,,,0.0
1028,K42P,0.7452991666700001,,,,,0.0
1029,V53W,0.7444908333400002,,,,,0.0
1030,V31P,0.74441499999,,,,,0.0
1031,P18W,0.744265,,,,,0.0
1032,M9L,0.7439108333099997,,,,,0.0
1033,N28P,0.7438600000000001,,,,,0.0
1034,R41T,0.7436316666700001,,,,,0.0
1035,R70S,0.7434899999899999,,,,,0.0
1036,H35P,0.7433841666699998,,,,,0.0
1037,N19Y,0.74231583334,,,,,0.0
1038,T20A,0.7421141666499999,,,,,0.0
1039,L57I,0.7419208333399997,,,,,0.0
1040,G29R,0.7415350000099998,,,,,0.0
1041,V55Y,0.74146333333,,,,,0.0
1042,F69Q,0.74121416667,,,,,0.0
1043,M9I,0.74111083334,,,,,0.0
1044,R66P,0.74101999999,,,,,0.0
1045,P18F,0.7397133333399999,,,,,0.0
1046,G29W,0.7396591666699999,,,,,0.0
1047,L48K,0.7388216666699996,,,,,0.0
1048,K3P,0.7387774999999999,,,,,0.0
1049,T49G,0.7385250000099997,,,,,0.0
1050,N19E,0.7384333333399996,,,,,0.0
1051,L57E,0.7380775000000002,,,,,0.0
1052,T12G,0.7380666666699999,,,,,0.0
1053,R46M,0.7380250000000003,,,,,0.0
1054,G65E,0.7370741666699999,,,,,0.0
1055,I47M,0.73706333334,,,,,0.0
1056,K39P,0.7367458333399999,,,,,0.0
1057,R23Q,0.7363758333299999,,,,,0.0
1058,N43Q,0.7362825000100002,,,,,0.0
1059,N6E,0.7362750000000001,,,,,0.0
1060,K64Q,0.7362474999999996,,,,,0.0
1061,P59Y,0.7361883333299997,,,,,0.0
1062,I67Y,0.7360833333300001,,,,,0.0
1063,R46I,0.7359825,,,,,0.0
1064,R23D,0.7359416666699998,,,,,0.0
1065,N28R,0.7357233333400001,,,,,0.0
1066,L14A,0.73553166667,,,,,0.0
1067,G50F,0.7352241666600001,,,,,0.0
1068,M9F,0.7352099999899998,,,,,0.0
1069,R23P,0.73515333333,,,,,0.0
1070,S71D,0.7351424999800004,,,,,0.0
1071,L26V,0.7348183333199999,,,,,0.0
1072,T49Q,0.7347883333299998,,,,,0.0
1073,L57S,0.7347183333299998,,,,,0.0
1074,K39A,0.73464166667,,,,,0.0
1075,G38A,0.7341799999999996,,,,,0.0
1076,N6D,0.7340108333299997,,,,,0.0
1077,V55G,0.73348416667,,,,,0.0
1078,K64W,0.73345166666,,,,,0.0
1079,R66I,0.7330108333500001,,,,,0.0
1080,L26N,0.7323324999999998,,,,,0.0
1081,T58Y,0.73228833333,,,,,0.0
1082,K42M,0.7315916666599999,,,,,0.0
1083,L26K,0.7310383333300001,,,,,0.0
1084,R70P,0.7301716666699996,,,,,0.0
1085,R46Y,0.73001500001,,,,,0.0
1086,R41A,0.72980833334,,,,,0.0
1087,P18L,0.72961,,,,,0.0
1088,I67H,0.7295424999900001,,,,,0.0
1089,N28Y,0.7293258333200002,,,,,0.0
1090,V31F,0.7291524999999999,,,,,0.0
1091,S71A,0.7289424999799996,,,,,0.0
1092,G29I,0.7286983333399998,,,,,0.0
1093,N19G,0.72852250001,,,,,0.0
1094,F69W,0.72822333333,,,,,0.0
1095,R46H,0.7271799999799999,,,,,0.0
1096,K52Y,0.7270074999799999,,,,,0.0
1097,K64D,0.7268149999999999,,,,,0.0
1098,M40W,0.72678250001,,,,,0.0
1099,L57P,0.72667,,,,,0.0
1100,I67P,0.72662583332,,,,,0.0
1101,L57N,0.7264141666699999,,,,,0.0
1102,L14Q,0.7251483333299998,,,,,0.0
1103,N43E,0.7246550000099998,,,,,0.0
1104,L26G,0.72450333333,,,,,0.0
1105,V32P,0.7243233333400001,,,,,0.0
1106,T58R,0.7239775000099997,,,,,0.0
1107,V13R,0.7237383333400003,,,,,0.0
1108,R70G,0.7236833333200002,,,,,0.0
1109,V31L,0.7234424999699999,,,,,0.0
1110,G11A,0.7233774999900001,,,,,0.0
1111,H35G,0.7232333333300001,,,,,0.0
1112,N43P,0.7228683333399998,,,,,0.0
1113,K52G,0.7224850000000003,,,,,0.0
1114,R46L,0.7220525000000001,,,,,0.0
1115,L57V,0.7217874999999999,,,,,0.0
1116,R41Y,0.7211166666699996,,,,,0.0
1117,I45D,0.7207916666699998,,,,,0.0
1118,K42G,0.72062833333,,,,,0.0
1119,K42L,0.7206225000099998,,,,,0.0
1120,V31M,0.7201316666600001,,,,,0.0
1121,V68D,0.71981249999,,,,,0.0
1122,K64L,0.7186841666699999,,,,,0.0
1123,A34K,0.71841083333,,,,,0.0
1124,G11R,0.7180083333299998,,,,,0.0
1125,F69G,0.71787916666,,,,,0.0
1126,V13H,0.7177100000000002,,,,,0.0
1127,I36R,0.7173316666699999,,,,,0.0
1128,N28V,0.7170966666599999,,,,,0.0
1129,M9Y,0.7160799999900002,,,,,0.0
1130,G29T,0.7153466666599998,,,,,0.0
1131,N28D,0.7152658333299999,,,,,0.0
1132,P59G,0.7152158333399999,,,,,0.0
1133,P59D,0.7145633333299998,,,,,0.0
1134,G50Y,0.7145274999900001,,,,,0.0
1135,L14P,0.7143266666699999,,,,,0.0
1136,R46N,0.7142741666699999,,,,,0.0
1137,V13C,0.7138691666600002,,,,,0.0
1138,G11K,0.713745,,,,,0.0
1139,N6A,0.7135599999800002,,,,,0.0
1140,G50I,0.7134308333100001,,,,,0.0
1141,M9W,0.7134191666699998,,,,,0.0
1142,G11M,0.7133558333200003,,,,,0.0
1143,N6G,0.7132766666399998,,,,,0.0
1144,T49D,0.7132558333299996,,,,,0.0
1145,G65F,0.7131108333199999,,,,,0.0
1146,G11F,0.71280333333,,,,,0.0
1147,G11H,0.7128025000000002,,,,,0.0
1148,R41L,0.7118983333299996,,,,,0.0
1149,A34P,0.71168083333,,,,,0.0
1150,Y44W,0.71147083334,,,,,0.0
1151,R41M,0.7114449999999999,,,,,0.0
1152,L48D,0.7110133333399999,,,,,0.0
1153,I67Q,0.7107983333200001,,,,,0.0
1154,I67T,0.7107866666500001,,,,,0.0
1155,N19W,0.7106791666699998,,,,,0.0
1156,Y44P,0.7105916666599996,,,,,0.0
1157,R41F,0.7097724999999997,,,,,0.0
1158,T54Q,0.7097349999999998,,,,,0.0
1159,L14G,0.70941583333,,,,,0.0
1160,I45P,0.70891666667,,,,,0.0
1161,G29V,0.7088599999999998,,,,,0.0
1162,V31Y,0.7087091666700001,,,,,0.0
1163,I67S,0.7086658333200003,,,,,0.0
1164,K52H,0.7083833333199998,,,,,0.0
1165,K64Y,0.7083341666699999,,,,,0.0
1166,L26C,0.7079958333199998,,,,,0.0
1167,I7D,0.70792,,,,,0.0
1168,G11N,0.7075066666599997,,,,,0.0
1169,Q10D,0.70688833333,,,,,0.0
1170,I67R,0.7068541666600001,,,,,0.0
1171,L26Q,0.70681916667,,,,,0.0
1172,A34Q,0.7066574999799998,,,,,0.0
1173,Y44R,0.7065325000099998,,,,,0.0
1174,L26D,0.7061583333299999,,,,,0.0
1175,M9E,0.70591916665,,,,,0.0
1176,K3G,0.70580500001,,,,,0.0
1177,G50E,0.7057041666499999,,,,,0.0
1178,T54D,0.7054349999899998,,,,,0.0
1179,V68P,0.7046299999799998,,,,,0.0
1180,I67K,0.7042191666600001,,,,,0.0
1181,N6P,0.70361916666,,,,,0.0
1182,R72P,0.7035658333399998,,,,,0.0
1183,R72G,0.70291666666,,,,,0.0
1184,G65W,0.7028574999999998,,,,,0.0
1185,R66F,0.7026766666699997,,,,,0.0
1186,R46W,0.70238,,,,,0.0
1187,G50M,0.7015649999800001,,,,,0.0
1188,L26E,0.7014033333299997,,,,,0.0
1189,L26R,0.70113916667,,,,,0.0
1190,N28M,0.7009174999900002,,,,,0.0
1191,I67E,0.7007674999800001,,,,,0.0
1192,V31R,0.7007241666599999,,,,,0.0
1193,I47R,0.7004800000100001,,,,,0.0
1194,R72E,0.6984783333299996,,,,,0.0
1195,N6I,0.69809166666,,,,,0.0
1196,V13K,0.6976549999900001,,,,,0.0
1197,I47A,0.6973441666699997,,,,,0.0
1198,R41P,0.6965533333299995,,,,,0.0
1199,L14T,0.6962574999900001,,,,,0.0
1200,G11Q,0.6952158333299999,,,,,0.0
1201,I47Q,0.6946416666800004,,,,,0.0
1202,G50L,0.69460333331,,,,,0.0
1203,G29H,0.6919899999999997,,,,,0.0
1204,L14M,0.6912841666600003,,,,,0.0
1205,I47T,0.6912791666699998,,,,,0.0
1206,R41V,0.6908924999999997,,,,,0.0
1207,P59W,0.6903033333099997,,,,,0.0
1208,K3D,0.68972583334,,,,,0.0
1209,K39S,0.68957416667,,,,,0.0
1210,K42Q,0.6892941666699997,,,,,0.0
1211,I67A,0.68919083331,,,,,0.0
1212,R46G,0.6890458333299996,,,,,0.0
1213,Y44G,0.6888283333399998,,,,,0.0
1214,N19D,0.6885033333299998,,,,,0.0
1215,G11I,0.6871491666699999,,,,,0.0
1216,N28I,0.6868666666599998,,,,,0.0
1217,N28W,0.6848591666699998,,,,,0.0
1218,T49S,0.6840816666599997,,,,,0.0
1219,R72D,0.683335,,,,,0.0
1220,L14N,0.6827000000099999,,,,,0.0
1221,A34H,0.6824116666599999,,,,,0.0
1222,P59A,0.6814883333099999,,,,,0.0
1223,G38S,0.6811924999999996,,,,,0.0
1224,R72Q,0.6809608333399996,,,,,0.0
1225,V31H,0.6808649999900002,,,,,0.0
1226,M9G,0.6806141666699997,,,,,0.0
1227,G11V,0.68024333333,,,,,0.0
1228,K39H,0.6795924999899999,,,,,0.0
1229,V31A,0.6790441666599996,,,,,0.0
1230,R23G,0.6784324999999999,,,,,0.0
1231,N6V,0.6773733333299997,,,,,0.0
1232,M9D,0.6768208333199999,,,,,0.0
1233,K52W,0.6765624999799997,,,,,0.0
1234,I67G,0.6753433333300001,,,,,0.0
1235,T58K,0.6749991666799997,,,,,0.0
1236,L26P,0.67343083333,,,,,0.0
1237,G11E,0.6734149999999997,,,,,0.0
1238,A34Y,0.6720799999999995,,,,,0.0
1239,N28G,0.6718416666599998,,,,,0.0
1240,K39I,0.6715574999999997,,,,,0.0
1241,V55A,0.6713875000099999,,,,,0.0
1242,L57T,0.6704866666599998,,,,,0.0
1243,K39L,0.6688283333299999,,,,,0.0
1244,N28L,0.6684724999899997,,,,,0.0
1245,A34E,0.6679449999799999,,,,,0.0
1246,N6S,0.6675049999899997,,,,,0.0
1247,K39F,0.6672116666699998,,,,,0.0
1248,K39Q,0.6670441666699998,,,,,0.0
1249,I47E,0.6661366666699997,,,,,0.0
1250,R46S,0.6658824999999997,,,,,0.0
1251,K39N,0.6652891666699997,,,,,0.0
1252,I47S,0.6647116666799997,,,,,0.0
1253,K52E,0.6642625000099999,,,,,0.0
1254,K39Y,0.6614999999999996,,,,,0.0
1255,G11D,0.6613283333299997,,,,,0.0
1256,I47K,0.6611250000099997,,,,,0.0
1257,T58W,0.6599983333399999,,,,,0.0
1258,T49E,0.6598225000000001,,,,,0.0
1259,V31S,0.65875833333,,,,,0.0
1260,R41I,0.6582999999999997,,,,,0.0
1261,L57G,0.6582458333299996,,,,,0.0
1262,G38T,0.6574391666599995,,,,,0.0
1263,I45E,0.6572916666699996,,,,,0.0
1264,K39M,0.6560758333399999,,,,,0.0
1265,I67N,0.65457083332,,,,,0.0
1266,T54W,0.6537258333299999,,,,,0.0
1267,V31Q,0.6534700000100002,,,,,0.0
1268,G50Q,0.6532599999999998,,,,,0.0
1269,R41W,0.6529874999999996,,,,,0.0
1270,G38N,0.6521366666599999,,,,,0.0
1271,E56G,0.6512783333299997,,,,,0.0
1272,Y44D,0.6498849999999996,,,,,0.0
1273,R70D,0.6489224999799998,,,,,0.0
1274,G11L,0.6463233333299999,,,,,0.0
1275,L57A,0.6432316666599998,,,,,0.0
1276,A34F,0.6426783333299997,,,,,0.0
1277,F69Y,0.64197416665,,,,,0.0
1278,R46P,0.6412049999999997,,,,,0.0
1279,V31G,0.64090666667,,,,,0.0
1280,G29D,0.6403949999899997,,,,,0.0
1281,I36P,0.64004083335,,,,,0.0
1282,K42E,0.6394816666699995,,,,,0.0
1283,G29E,0.6390641666699998,,,,,0.0
1284,M1C,0.6386258333200003,,,,,0.0
1285,I67D,0.63723583332,,,,,0.0
1286,M40E,0.6356799999899996,,,,,0.0
1287,V31N,0.6356391666599999,,,,,0.0
1288,L14E,0.6353175,,,,,0.0
1289,L14K,0.6330491666700001,,,,,0.0
1290,L48E,0.6310241666699996,,,,,0.0
1291,M1H,0.6308599999800002,,,,,0.0
1292,K42D,0.6289199999999996,,,,,0.0
1293,I47N,0.6286949999999998,,,,,0.0
1294,G38K,0.6284966666599998,,,,,0.0
1295,Y44E,0.6274058333299997,,,,,0.0
1296,N28F,0.6246066666599998,,,,,0.0
1297,I47D,0.62413416666,,,,,0.0
1298,K52D,0.6235674999999998,,,,,0.0
1299,M40D,0.6227574999799996,,,,,0.0
1300,M1N,0.6188183333200002,,,,,0.0
1301,T49P,0.6183250000099997,,,,,0.0
1302,R70E,0.6175141666599999,,,,,0.0
1303,T20G,0.6162725000099998,,,,,0.0
1304,L14D,0.6146799999999996,,,,,0.0
1305,G38Q,0.6146149999899997,,,,,0.0
1306,I36G,0.6145958333399997,,,,,0.0
1307,M1T,0.6137233333100002,,,,,0.0
1308,R41E,0.6114974999999997,,,,,0.0
1309,I36A,0.6113216666699998,,,,,0.0
1310,V31E,0.6109249999999998,,,,,0.0
1311,I47G,0.6107458333399998,,,,,0.0
1312,A34D,0.6103933333099998,,,,,0.0
1313,F69D,0.60979166666,,,,,0.0
1314,K39G,0.6082274999999999,,,,,0.0
1315,Y44Q,0.6072491666699998,,,,,0.0
1316,R46Q,0.6071333333299999,,,,,0.0
1317,I47H,0.6065616666600002,,,,,0.0
1318,N6T,0.60576499998,,,,,0.0
1319,G38R,0.6018541666599998,,,,,0.0
1320,M1S,0.60006916665,,,,,0.0
1321,G38D,0.5980049999999998,,,,,0.0
1322,I47W,0.5975983333299998,,,,,0.0
1323,G38H,0.5975658333299997,,,,,0.0
1324,G38V,0.5953466666699998,,,,,0.0
1325,I36K,0.5925741666699998,,,,,0.0
1326,V31D,0.5922183333299998,,,,,0.0
1327,M1Q,0.5908691666500001,,,,,0.0
1328,I36H,0.5891791666699997,,,,,0.0
1329,K52Q,0.5890199999899999,,,,,0.0
1330,A34W,0.5885058333399995,,,,,0.0
1331,M1F,0.5872658333100003,,,,,0.0
1332,F69E,0.5853783333299999,,,,,0.0
1333,G38P,0.5819974999999998,,,,,0.0
1334,R41D,0.5795291666599998,,,,,0.0
1335,M1E,0.57854916666,,,,,0.0
1336,I47P,0.5779483333299998,,,,,0.0
1337,M1A,0.57453666667,,,,,0.0
1338,I36Q,0.5675250000099998,,,,,0.0
1339,M1Y,0.5674874999900001,,,,,0.0
1340,M1D,0.5630374999900001,,,,,0.0
1341,G38L,0.5626891666599999,,,,,0.0
1342,I47Y,0.5623541666600002,,,,,0.0
1343,M1P,0.5577666666500001,,,,,0.0
1344,Q10E,0.5536549999899999,,,,,0.0
1345,I36N,0.5515649999999996,,,,,0.0
1346,G38E,0.5476849999999999,0.507,0.46599131693198265,0.0,0.11486365795170486,0.0
1347,K39E,0.54734166666,,,,,0.0
1348,M1K,0.5457766666500001,,,,,0.0
1349,I36W,0.5445708333399998,,,,,0.0
1350,G38F,0.5440949999999998,,,,,0.0
1351,I36T,0.5426324999999999,,,,,0.0
1352,K39D,0.54009833333,,,,,0.0
1353,I36S,0.5387074999999998,,,,,0.0
1354,K39W,0.5338866666699998,,,,,0.0
1355,G38I,0.5300083333299999,,,,,0.0
1356,M1L,0.5291750000000001,,,,,0.0
1357,G38M,0.5219841666699999,,,,,0.0
1358,M1V,0.5154424999900001,,,,,0.0
1359,R46E,0.51345166666,,,,,0.0
1360,R46D,0.5064649999999999,,,,,0.0
1361,M1R,0.5008149999900001,,,,,0.0
1362,M1I,0.4963266666600001,,,,,0.0
1363,G38W,0.4892749999899998,,,,,0.0
1364,G38Y,0.4843974999999998,,,,,0.0
1365,M1G,0.4843183333200001,,,,,0.0
1366,I36E,0.4413616666599996,,,,,0.0
1367,I36D,0.43438333332999945,0.2915,0.2580800771828268,0.0,0.10062478895638476,0.0
1368,M1W,0.34764416665000014,0.024,0.0,0.0,0.0935301945310952,0.0
